Project_Size_sqft,Project_Type,Num_Workers,Labor_Cost_Per_Day,Material_Quality,Material_Cost_Index,Project_Complexity,Equipment_Count,Team_Experience_Years,Weather_Impact_Score,Total_Cost,Estimated_Time_Days
8070,Residential,49,2739,2,0.95,1,9,18,10,17224763.5,210.55
1660,Commercial,79,1729,1,0.91,5,6,3,0,10599434.3,98.8
6190,Commercial,31,1026,2,1.15,2,11,6,5,21998557.0,195.95
14218,Industrial,87,1064,2,1.22,2,22,5,2,68734848.8,338.35
5991,Industrial,56,2195,2,1.24,1,6,5,6,32681564.0,152.48
12764,Commercial,33,2257,2,1.09,5,18,7,4,42558428.7,427.2
12084,Industrial,98,1445,3,1.21,2,6,14,8,59341183.0,292.7
6534,Commercial,44,2218,1,1.17,4,23,6,6,27919429.2,249.15
7065,Commercial,75,2273,3,1.19,3,16,8,3,31864332.5,194.62
1266,Commercial,57,2187,3,1.1,3,14,2,4,11775247.0,78.05
14326,Residential,31,2699,3,1.15,2,2,15,4,30013930.5,380.85
5226,Commercial,26,2049,2,1.22,5,12,5,10,23135128.4,277.35
6378,Commercial,107,1781,2,1.06,2,24,18,4,27201730.6,116.85
12436,Residential,67,1954,3,1.22,5,2,15,9,31941478.8,404.8
12163,Industrial,46,1387,1,1.14,4,12,17,8,54702398.4,381.78
11911,Residential,81,1275,2,0.97,5,19,15,9,25185807.5,380.48
9122,Commercial,96,2621,2,0.91,2,19,17,2,30806666.8,185.75
2485,Commercial,25,1785,2,1.05,4,22,9,5,12968812.5,153.62
1569,Commercial,26,2041,1,1.12,1,17,4,7,8976217.6,72.42
11383,Residential,43,989,2,1.24,3,14,2,10,27094384.4,372.18
14603,Industrial,81,2240,3,0.95,2,8,3,8,56291015.0,385.78
7749,Commercial,104,1780,1,1.22,2,2,16,6,32239842.0,166.53
3233,Residential,62,2498,3,1.25,2,17,11,2,16369725.0,74.72
6111,Residential,76,2515,1,0.96,4,2,19,0,16704672.0,163.48
5851,Commercial,54,840,2,1.24,1,18,15,3,23421492.0,120.57
7220,Residential,56,1742,1,1.3,5,7,18,5,22433528.0,258.7
1984,Residential,106,1137,1,1.19,1,3,14,2,9153075.4,60.0
5355,Commercial,115,2137,3,1.21,4,18,2,0,30806781.5,138.88
4185,Residential,105,1898,2,1.3,2,7,6,5,18923060.0,86.62
13109,Commercial,40,1695,2,1.14,3,15,14,0,43783410.0,349.72
7196,Residential,28,2474,1,1.02,2,19,15,8,16393603.2,225.0
13835,Commercial,88,1730,2,1.24,5,7,4,10,53263828.0,444.48
11896,Residential,29,1088,2,1.15,3,11,16,0,25289144.0,325.2
9466,Commercial,55,1523,2,1.13,2,19,18,5,33536083.5,240.65
10074,Residential,44,2753,2,1.0,3,10,4,0,21844960.0,285.65
3358,Commercial,22,1889,3,1.2,1,9,17,6,14330088.0,95.85
8649,Residential,42,1282,2,0.93,4,11,15,2,17008602.6,270.12
2847,Industrial,99,1735,2,1.27,2,18,13,5,23517161.5,60.0
3547,Commercial,78,955,1,1.03,5,24,13,6,16791266.0,161.78
9967,Industrial,39,1870,2,0.95,1,7,12,0,36928780.0,224.98
10798,Commercial,18,2758,2,1.08,2,15,18,0,34111065.6,278.55
989,Residential,17,2483,2,0.92,1,23,9,4,5657843.6,60.0
3534,Industrial,80,923,1,1.17,5,23,18,5,23030514.0,147.35
3805,Residential,85,2848,3,1.26,2,7,12,8,19618074.0,99.12
5458,Residential,84,1767,1,1.23,5,8,3,0,19975003.2,189.75
2699,Residential,64,1654,2,0.95,3,13,11,3,10092971.0,89.78
8534,Commercial,32,1439,2,0.95,5,4,11,9,24905618.0,341.25
2067,Commercial,9,2402,1,1.23,3,15,12,7,11212729.2,136.48
2328,Residential,71,1241,2,1.27,2,23,7,9,12744869.1,85.9
12194,Industrial,42,2744,2,1.08,3,20,5,8,54255355.2,378.75
4356,Residential,14,2638,3,1.1,2,24,13,2,13136156.0,138.2
4690,Residential,92,2629,3,1.03,2,17,12,10,18427771.2,125.65
9638,Residential,25,2990,3,1.26,4,8,14,1,25703370.0,304.95
11880,Residential,74,1332,1,1.16,2,9,6,3,26653366.4,293.8
6193,Residential,49,2136,2,1.02,3,19,7,1,16758008.4,185.12
11427,Commercial,46,1748,2,1.02,4,14,2,0,35679334.8,345.88
9592,Commercial,48,2819,3,1.26,4,22,7,2,41755593.6,300.9
11355,Residential,82,1259,2,0.91,2,10,19,6,20683972.4,269.77
11053,Residential,110,1350,3,1.03,5,11,10,0,26300535.0,298.32
9233,Residential,31,1192,2,1.12,5,22,16,1,22689027.2,312.02
11033,Industrial,67,2587,2,0.96,4,24,9,0,46862755.2,308.72
11816,Residential,53,1644,1,0.94,2,10,17,7,21279682.4,312.5
8313,Commercial,26,1938,2,1.23,5,16,7,4,33202792.2,321.52
3412,Industrial,75,1445,2,1.26,2,21,7,7,23805495.0,99.8
7841,Commercial,97,2266,2,1.23,2,3,4,2,34558768.8,172.42
10355,Industrial,109,2177,2,1.26,4,14,11,6,59675225.4,285.18
7035,Residential,49,941,2,1.12,4,3,2,7,16616062.4,268.68
6286,Commercial,39,1300,1,1.22,1,20,15,5,24443920.0,153.45
7899,Commercial,46,1639,2,1.05,5,3,5,6,26679786.0,308.18
10470,Commercial,116,2482,2,1.17,5,4,13,1,44825461.2,279.45
11548,Residential,117,2365,2,1.3,5,7,7,7,38250095.0,344.6
1575,Residential,43,2846,1,0.99,3,4,12,4,8151501.6,81.98
13006,Residential,111,2330,1,1.06,2,11,13,6,31447974.0,296.85
9026,Commercial,108,1395,1,1.09,4,7,11,0,32792432.0,222.75
3952,Industrial,104,2704,2,0.96,5,24,19,4,26657740.8,132.1
10947,Commercial,43,1080,1,0.93,1,17,8,0,29072451.0,252.28
2385,Residential,10,1223,2,1.23,5,18,8,7,10878612.0,199.62
4743,Industrial,80,1069,3,1.29,2,20,12,3,29755269.0,101.57
8355,Residential,15,953,1,1.06,2,4,5,3,15541031.0,254.38
3873,Residential,104,2550,2,0.94,4,19,2,1,17169570.0,115.62
1821,Residential,77,1461,2,0.93,3,8,14,4,8375961.3,60.0
12453,Commercial,48,2767,3,1.26,4,10,19,0,49161394.8,344.42
11605,Residential,110,882,2,1.09,5,21,10,8,27814729.0,352.12
14217,Commercial,75,2249,2,1.03,1,13,10,4,44292832.5,325.42
4643,Industrial,20,2098,3,1.09,4,6,10,5,22900137.0,210.08
8789,Residential,56,1779,2,1.03,3,4,11,1,19232386.6,238.42
10492,Commercial,67,2459,3,1.1,4,12,3,9,38799849.0,349.2
13790,Residential,9,2198,1,1.24,2,5,7,9,28617290.4,422.05
7673,Residential,67,1432,3,1.14,5,6,16,0,20962114.8,239.22
6475,Residential,12,2331,2,1.18,5,2,4,3,16344958.8,286.27
961,Residential,51,1586,2,1.05,5,19,12,6,9311484.0,120.22
5097,Commercial,34,1197,1,1.2,5,13,7,5,21676128.0,239.73
10973,Residential,39,1943,2,1.17,5,14,4,9,27182387.7,407.12
1795,Commercial,28,1733,1,0.95,5,10,12,0,9256059.0,129.48
13903,Commercial,15,2260,3,1.13,1,3,16,0,42346185.0,336.58
12334,Commercial,109,2652,3,1.0,3,6,14,7,42507040.0,310.15
13543,Commercial,79,1085,1,1.22,5,14,11,3,49567319.0,398.88
8429,Commercial,57,1064,3,1.07,3,17,7,4,28881375.8,249.62
12790,Residential,74,2936,2,1.3,5,17,16,6,39653796.0,391.55
10267,Residential,51,2477,2,0.94,4,4,19,7,20858891.4,322.38
1816,Industrial,65,2026,2,1.21,5,23,19,9,19005107.0,134.9
8669,Commercial,10,1620,1,1.17,2,5,8,6,28031445.0,276.73
7239,Residential,93,2562,1,1.21,1,12,16,1,24207840.8,112.57
8692,Residential,77,840,2,1.02,4,24,19,3,20377968.0,242.2
7663,Residential,9,2531,3,1.1,4,15,19,9,18235657.0,300.88
8716,Industrial,94,867,1,1.22,2,4,10,0,42274146.8,177.7
9329,Residential,51,1787,3,0.99,5,17,3,9,21609333.9,357.92
1678,Residential,9,2599,2,0.99,1,23,9,8,6552542.7,86.25
10068,Residential,109,2421,2,1.12,4,16,3,2,30484910.4,270.0
5687,Residential,88,2455,2,1.11,1,11,12,2,19104987.0,88.78
12985,Industrial,42,2078,3,1.01,4,10,8,9,52485437.8,424.02
5659,Residential,105,1494,2,1.02,5,12,7,8,17844492.0,211.98
7131,Industrial,94,1885,2,1.01,4,17,11,9,34919942.0,231.58
9371,Residential,37,2493,2,1.21,4,11,6,2,24833713.3,305.67
9484,Industrial,15,1858,1,1.16,3,18,12,7,43650916.0,317.1
8008,Residential,29,1578,1,1.23,5,20,2,1,22367377.8,304.0
6076,Residential,51,1293,2,1.29,2,3,3,2,16760054.1,166.6
2862,Commercial,65,2385,2,1.09,2,24,2,1,17228267.5,71.55
12876,Industrial,43,2292,2,0.93,5,3,3,0,47823092.4,408.0
864,Industrial,76,2590,2,0.92,2,7,5,1,10330864.0,60.0
8806,Commercial,84,1460,2,1.02,5,20,13,7,31410084.0,293.45
3368,Industrial,100,2148,2,1.27,2,9,19,8,26329640.0,65.7
6263,Residential,38,2127,2,1.11,3,4,2,1,15894400.8,203.18
14240,Industrial,54,2099,3,1.01,2,15,2,6,57206783.8,389.8
2827,Residential,62,2786,2,1.06,4,17,15,4,14545807.6,118.58
3495,Commercial,87,2844,2,1.14,5,2,5,2,22184787.6,145.27
10487,Industrial,113,2728,1,1.16,1,22,6,8,56784807.2,227.78
6058,Commercial,69,2147,2,0.96,1,4,12,5,20245718.4,128.25
6418,Commercial,37,1858,2,1.29,5,23,14,10,30324520.2,284.85
7536,Residential,62,1776,2,1.12,3,19,17,0,20840243.2,188.3
1191,Industrial,23,1281,2,0.95,2,10,14,4,7269770.5,60.38
14786,Residential,19,1527,3,1.26,3,7,3,6,32948231.4,454.95
13506,Industrial,24,1831,1,0.93,1,24,17,3,48164067.6,332.95
13466,Commercial,23,1142,2,1.26,5,22,7,7,50088754.8,467.75
6692,Residential,19,2247,2,1.3,5,2,15,9,19004427.0,299.6
4361,Commercial,15,1326,1,1.18,3,22,2,4,18289056.0,189.02
11270,Commercial,91,2696,1,1.21,3,11,18,8,46506446.8,296.95
6984,Commercial,10,1458,2,1.03,2,7,12,8,20803322.0,238.6
3899,Commercial,23,2873,1,1.28,4,24,4,8,21030233.6,213.08
7078,Residential,37,1619,1,1.11,4,13,12,0,17775639.9,229.35
9192,Commercial,116,1205,1,1.19,2,5,6,1,34478346.0,183.0
14951,Industrial,30,2373,2,1.27,4,14,18,2,74249534.0,432.78
13867,Residential,99,2611,2,1.29,1,18,8,3,40577169.3,295.48
3904,Commercial,111,1304,2,1.23,4,9,11,9,21650853.6,137.3
8015,Residential,12,978,3,1.02,2,21,12,8,16702071.6,262.77
13590,Residential,91,931,2,1.29,4,4,4,9,33445352.7,405.95
3254,Commercial,111,2646,2,1.15,5,13,11,5,24548107.0,126.05
12637,Commercial,115,2278,3,1.27,3,8,11,0,54167532.0,282.42
14839,Residential,72,1571,2,1.17,1,13,15,8,32820676.2,355.88
9796,Commercial,37,2229,2,1.02,5,3,13,5,30971473.8,345.8
3531,Residential,28,2923,2,1.05,5,15,16,3,12969411.0,181.88
14983,Residential,91,1378,1,1.12,2,23,11,3,33416812.8,350.28
11765,Residential,77,2315,2,1.22,3,24,11,2,33544083.0,301.02
8954,Residential,29,993,2,1.03,3,6,2,6,17504757.3,302.65
10562,Residential,89,2807,2,1.13,1,10,11,2,28744589.7,211.35
5856,Commercial,79,1985,1,1.04,2,22,3,1,23758228.0,133.7
8910,Commercial,110,2184,3,1.23,1,12,18,9,39461106.0,177.75
14573,Residential,39,2592,2,1.09,4,6,8,7,30620432.6,456.12
11682,Industrial,40,1910,2,0.93,5,4,8,3,43411470.0,388.05
4640,Commercial,23,2736,3,0.97,1,18,10,7,16187204.8,142.6
1828,Residential,83,1579,2,0.92,5,3,3,0,9267813.2,99.8
8185,Industrial,45,1061,3,1.1,2,2,15,4,35397835.0,216.12
1302,Industrial,105,1529,2,0.94,4,8,18,8,12006949.0,61.55
7710,Residential,21,1082,1,0.95,2,15,2,0,14294327.0,222.95
13485,Residential,43,2290,2,1.28,4,6,10,10,33768448.0,437.72
9862,Industrial,104,1161,2,1.25,4,20,5,3,53424150.0,270.85
7738,Commercial,30,1240,2,1.08,5,12,9,5,26741880.0,305.95
5288,Residential,116,2940,3,1.29,2,24,14,9,28977528.0,113.4
1006,Commercial,73,2444,2,0.9,2,3,5,7,8790624.0,60.0
5934,Industrial,112,1666,2,1.15,1,9,10,2,32621774.0,78.75
6777,Commercial,92,2247,3,1.15,2,10,10,4,29950853.0,150.82
8521,Commercial,9,941,2,1.08,1,4,19,6,24901095.6,232.32
7835,Industrial,98,2114,2,1.06,3,3,13,0,38199919.6,172.98
2284,Residential,80,2255,3,1.08,3,8,11,6,13001040.0,81.6
8658,Residential,72,2675,1,1.07,3,6,12,10,22646550.0,265.85
1663,Commercial,82,2647,2,1.19,2,22,8,7,17218252.8,60.0
3590,Industrial,74,2512,3,0.95,2,6,10,7,19609558.0,100.55
8208,Residential,59,1500,2,0.98,1,21,7,8,17803660.0,212.5
9555,Commercial,69,1797,2,0.97,4,14,17,5,30659071.3,283.18
5916,Commercial,30,2896,2,1.0,1,22,16,5,20696400.0,149.9
13183,Residential,33,2125,2,1.11,3,21,8,1,28946857.5,371.18
6819,Commercial,75,1680,3,0.94,1,7,17,2,21551850.0,119.98
2557,Industrial,89,2013,1,1.25,4,21,6,3,23405262.5,98.72
8374,Commercial,62,1959,1,1.02,2,19,17,3,28334314.8,199.25
7174,Commercial,13,1354,1,0.97,1,3,2,7,18976168.2,225.95
7692,Residential,42,1203,2,1.17,3,7,6,0,18548922.6,224.7
2478,Commercial,29,1691,2,0.92,3,10,8,9,9904876.4,146.75
4042,Residential,50,1401,3,1.15,2,4,6,3,12034175.0,117.05
5436,Residential,22,2630,2,1.18,1,2,18,10,13203964.0,166.3
1859,Commercial,93,1140,2,0.99,4,2,9,10,10521819.0,108.57
7468,Residential,67,2768,1,0.92,2,20,2,10,18460425.6,230.1
14271,Residential,108,1503,2,1.05,1,6,3,3,29375031.0,305.88
10714,Commercial,113,1117,2,0.94,5,14,16,0,32967332.2,278.45
12306,Residential,19,2186,1,0.95,3,20,19,2,22329769.0,348.95
3957,Residential,118,2600,1,1.0,4,13,12,4,18739500.0,106.52
6715,Commercial,56,2167,1,1.02,4,17,11,5,24916621.2,231.58
11617,Commercial,49,2372,1,1.11,4,20,5,8,40880567.4,383.72
11721,Residential,45,1616,2,1.17,3,4,6,8,26047827.0,363.02
10589,Industrial,89,1352,1,1.14,1,13,5,8,48759327.6,251.03
12052,Residential,52,1655,2,0.96,2,6,14,10,21945408.0,338.7
3493,Commercial,42,2612,3,0.97,1,3,14,0,13311911.4,60.0
13883,Commercial,37,982,2,1.25,2,23,19,8,49621900.0,378.98
14139,Industrial,95,2374,3,1.12,4,8,3,7,67146688.0,407.98
14731,Commercial,113,1196,2,1.25,1,14,17,1,54227425.0,282.38
4427,Commercial,37,2527,2,1.05,4,16,2,10,18976093.5,228.08
10355,Commercial,85,2317,3,1.15,5,23,10,0,43120227.5,300.88
10973,Residential,13,1706,1,1.11,4,4,4,0,22005572.4,357.92
6250,Residential,74,2156,3,1.03,4,22,8,5,19839159.6,210.05
2463,Commercial,87,2974,1,1.09,2,21,11,8,18878407.6,65.47
10521,Residential,14,800,2,1.1,5,6,2,6,21799250.0,403.82
11030,Commercial,59,818,1,0.98,4,9,11,4,31578402.8,332.05
6392,Residential,21,1383,2,1.03,4,23,10,10,15820068.7,278.0
12294,Commercial,80,1255,2,1.22,5,2,16,1,45197340.0,349.35
11229,Residential,22,2836,2,1.27,5,9,16,0,28848380.2,364.12
8192,Residential,28,1932,2,1.04,1,19,4,1,17587315.2,206.4
14496,Commercial,42,2752,2,1.02,2,21,6,0,44275670.4,369.8
14488,Commercial,73,2950,1,0.98,5,17,10,2,46236890.0,423.8
2106,Commercial,98,1787,2,1.17,5,19,10,5,18156972.6,109.25
13021,Residential,9,1319,3,1.03,3,21,8,7,25119258.9,416.32
7576,Residential,42,1658,2,1.3,5,13,13,2,23209004.0,271.3
11667,Commercial,89,973,3,1.03,2,14,10,9,36117372.3,300.48
14060,Residential,85,2166,3,1.06,4,14,7,8,32768098.0,413.0
6664,Commercial,27,1526,2,1.14,4,11,3,9,24619508.4,285.5
10274,Commercial,89,2510,2,1.22,4,8,10,4,43659774.0,290.65
8326,Commercial,17,2675,1,1.09,4,15,18,6,28317382.5,297.55
9701,Commercial,32,2481,1,1.07,3,17,2,7,32243658.2,323.92
6375,Industrial,73,2147,1,1.3,5,16,7,2,40838759.0,225.48
6330,Industrial,32,1789,2,0.9,4,13,6,1,24995196.0,228.65
13736,Residential,61,1219,2,1.26,1,10,3,1,31417810.2,320.1
5213,Residential,40,1393,2,0.96,4,9,10,4,12471456.0,203.32
4548,Residential,43,2574,2,1.21,5,19,15,0,18322376.6,181.8
14345,Residential,102,1735,2,1.15,4,24,5,1,36600590.0,374.52
13771,Commercial,21,1907,2,1.04,3,19,5,8,41214066.4,434.98
1463,Industrial,72,1936,2,1.25,2,14,16,6,15377825.0,60.0
2798,Residential,117,1131,1,0.91,2,19,9,5,10343797.1,60.0
8794,Residential,87,2888,1,0.99,5,16,5,8,24877393.2,307.75
12437,Residential,61,2593,2,1.13,2,5,17,6,28815779.7,316.62
12735,Commercial,117,1758,2,1.04,2,18,5,10,43064403.2,317.27
14719,Commercial,59,904,2,1.14,1,6,17,4,45711241.2,340.28
2295,Residential,10,1001,2,0.91,5,23,13,8,8319948.0,194.88
4104,Industrial,106,2642,2,0.95,5,17,17,5,26187282.0,142.3
4563,Commercial,48,2666,1,0.95,2,10,9,5,16669213.0,137.17
6032,Residential,13,2796,1,0.98,2,11,7,10,12287671.2,229.9
2653,Commercial,32,2089,2,1.08,2,19,11,3,13108975.2,89.22
14608,Commercial,20,1709,2,1.2,3,18,6,0,49734480.0,415.2
7385,Residential,105,1009,2,1.26,4,19,19,4,23632371.0,192.12
13651,Residential,15,1362,3,1.23,3,8,11,10,29875962.0,437.78
2091,Residential,28,2363,2,0.98,5,5,11,8,8546991.6,178.38
4381,Residential,105,1570,2,1.08,1,6,8,7,14274360.0,73.53
12449,Industrial,75,1428,2,0.98,4,24,19,7,50748810.0,357.72
8354,Industrial,32,2428,2,1.01,1,17,2,4,34713578.8,225.25
8080,Residential,86,2501,2,1.1,5,4,8,8,24279838.0,286.2
2436,Residential,75,1186,2,0.93,5,19,2,2,10529925.0,132.9
4496,Residential,52,2735,2,0.99,1,24,16,2,14365494.0,81.8
11991,Residential,67,1904,1,1.27,1,22,5,0,31513195.8,263.67
12144,Industrial,19,1067,2,1.09,1,15,11,8,49826287.1,336.9
1498,Residential,39,2656,3,1.08,5,16,10,5,11182881.6,141.25
11152,Residential,103,2798,3,0.91,2,18,3,1,26457176.2,246.9
13089,Residential,99,2180,2,1.0,1,2,15,7,27408100.0,285.53
5537,Commercial,20,2036,2,1.25,4,22,17,8,24830125.0,236.92
14677,Residential,38,1373,2,0.97,5,18,2,8,27626298.4,498.52
1654,Commercial,85,848,2,1.07,3,24,3,1,11553218.0,60.0
8964,Residential,27,1950,1,0.91,3,12,8,1,16403205.0,270.5
6655,Commercial,25,1022,2,1.09,4,18,11,6,23766360.0,259.88
8192,Commercial,100,2231,2,0.91,2,15,2,10,27548430.0,221.8
7328,Residential,67,2328,3,1.23,1,21,14,3,23580674.4,148.6
12466,Residential,70,2619,2,1.23,5,20,2,0,36037647.0,377.65
14749,Industrial,13,2261,2,1.22,1,22,6,7,68080013.8,409.33
6049,Industrial,39,1930,2,1.01,5,8,17,1,27602896.0,224.53
5972,Residential,100,2481,2,1.23,3,14,16,2,24478230.0,130.3
2507,Residential,50,1174,2,1.12,1,19,18,4,9544080.0,60.0
11769,Industrial,9,2920,1,1.05,4,24,17,2,49013895.0,371.52
6591,Commercial,67,2821,2,1.15,2,15,14,6,29034866.5,170.18
10725,Residential,30,1853,3,0.9,4,2,12,6,18769680.0,356.12
6335,Industrial,90,2689,2,0.96,2,8,18,1,30559488.0,114.38
5731,Residential,38,2623,1,1.2,1,9,18,6,15944064.0,140.88
4310,Commercial,12,2274,2,1.0,1,19,3,10,14593640.0,168.65
1002,Residential,90,1979,3,1.14,2,10,14,5,11110782.0,60.0
12247,Residential,41,1864,1,1.05,3,2,15,9,23796381.0,370.88
5018,Residential,17,2870,2,1.24,5,23,12,8,17844468.0,258.85
13488,Commercial,96,1159,3,1.28,4,18,11,8,53450137.6,383.9
9758,Residential,9,2841,2,1.25,4,20,4,1,25005087.5,335.75
5189,Residential,18,1941,3,1.01,4,7,18,6,12555956.4,218.32
3127,Residential,57,2435,2,0.98,1,4,16,4,10147263.0,60.0
8804,Commercial,38,2203,2,1.09,4,6,10,5,30216347.8,299.7
3731,Industrial,63,2743,2,0.9,5,3,11,0,19478493.0,151.38
8577,Residential,86,1478,1,0.91,5,21,9,6,19636653.4,287.12
997,Commercial,80,806,1,1.12,2,5,14,5,6974128.0,60.0
7925,Industrial,94,2391,2,1.11,1,11,19,3,40714933.2,134.43
2730,Commercial,90,1632,1,1.3,5,11,6,0,19670820.0,112.25
12574,Residential,16,2610,2,0.98,3,22,7,8,23925524.0,406.05
7087,Residential,106,1713,3,1.0,1,12,18,3,18677840.0,105.38
9600,Residential,28,2811,3,0.95,1,17,12,1,18868178.0,229.6
12264,Residential,80,2242,2,1.27,5,18,17,7,36419536.0,377.1
10139,Residential,35,2250,3,1.21,3,17,10,1,26221910.0,290.48
5082,Commercial,69,2302,2,1.23,2,8,3,4,24440272.2,137.35
12389,Residential,117,925,2,1.26,5,17,6,10,33554115.0,382.12
3311,Residential,14,1616,1,1.11,3,4,2,5,8708194.2,168.58
10786,Commercial,87,2629,2,1.08,1,17,5,10,39556825.2,267.55
1459,Residential,23,1375,2,1.03,3,9,5,7,6321367.5,120.57
3611,Industrial,104,2215,2,1.14,1,13,4,10,25022202.0,76.08
7898,Commercial,11,1729,2,1.08,5,4,10,0,25720815.6,298.65
7346,Residential,11,2263,1,1.08,5,18,13,0,17675053.2,280.35
10361,Commercial,110,1632,2,1.27,4,22,11,3,45831887.0,269.52
2786,Commercial,47,1854,3,1.29,4,19,3,4,18549090.6,147.55
14622,Commercial,24,2448,2,1.22,4,12,12,8,51383423.2,468.35
9138,Residential,108,2700,3,1.2,5,5,11,10,31626000.0,300.55
12211,Residential,110,2257,3,1.17,2,17,7,6,34356582.0,286.77
3711,Commercial,59,2199,3,0.97,5,18,19,6,17818638.1,172.08
2534,Residential,100,1242,3,0.92,3,10,3,7,10052840.0,88.85
2643,Residential,59,2922,3,1.18,5,7,3,4,15618999.2,159.38
9480,Residential,43,1356,2,1.19,5,21,11,4,25191395.6,331.1
3776,Commercial,45,1978,1,0.92,1,3,17,0,12153476.0,60.0
2759,Residential,110,2837,2,1.27,1,10,13,8,19812762.0,60.0
6559,Industrial,57,1162,2,0.94,1,22,2,5,26548908.8,165.38
7494,Commercial,70,2057,2,1.01,5,7,9,8,27123247.0,282.85
3185,Industrial,108,2641,2,1.17,2,4,17,2,25394077.8,60.0
11911,Industrial,70,2650,3,0.97,3,21,19,4,50200895.0,308.27
5536,Industrial,69,2972,3,0.92,3,7,14,1,26337796.8,142.2
2602,Industrial,106,1710,3,1.03,2,8,16,9,17762144.0,60.0
8955,Residential,14,1044,2,1.21,2,2,13,4,18961885.8,263.18
8920,Commercial,34,1341,1,1.07,3,24,9,7,29818567.4,292.3
7416,Residential,99,2969,1,1.16,4,2,11,10,26032638.8,239.7
6334,Residential,93,2972,2,1.13,1,6,15,1,22026954.4,91.45
4861,Commercial,21,2372,1,0.91,1,7,6,7,13783642.6,155.72
12361,Commercial,78,923,1,1.3,3,14,19,3,47141016.0,308.12
14722,Residential,108,2531,3,0.92,2,3,16,9,29884764.8,352.65
1062,Commercial,93,1585,2,1.29,4,16,7,9,14547523.5,86.65
14875,Industrial,12,2843,2,1.12,3,16,12,0,63600297.6,419.28
7087,Commercial,62,1596,1,1.29,1,14,12,4,29523017.4,154.58
9615,Commercial,9,876,2,0.95,5,15,19,0,27430319.0,329.68
10008,Industrial,69,858,1,1.1,2,23,19,6,44444466.0,246.5
12635,Industrial,98,2323,3,0.97,5,8,11,7,53594556.4,380.98
13968,Commercial,28,2736,2,0.92,3,15,3,2,37552780.8,407.3
2849,Industrial,109,2956,2,1.15,1,11,10,2,25113263.0,60.0
6223,Industrial,86,2101,2,0.98,4,18,15,6,30969058.4,194.27
12715,Industrial,28,867,1,1.14,5,15,11,3,56465089.2,418.98
5348,Residential,17,2732,2,0.94,4,9,5,2,12140400.8,222.6
3908,Residential,94,1164,2,1.03,1,5,7,7,11066814.4,72.0
14271,Residential,65,1620,2,1.21,5,17,15,2,35532255.0,417.28
13082,Residential,46,2202,1,1.07,4,14,5,6,28207083.2,412.75
7958,Commercial,12,1746,2,1.15,4,23,16,1,29237094.0,270.35
11048,Commercial,72,2377,2,1.16,5,21,17,10,44027011.2,368.1
8200,Industrial,20,2177,3,1.24,1,19,8,10,41299688.0,252.0
3970,Residential,92,2239,2,1.03,4,15,18,0,16721679.2,98.65
10674,Industrial,97,1561,2,1.17,3,19,18,5,53704766.7,262.25
3055,Commercial,116,1140,2,1.28,5,6,7,7,19590016.0,133.07
1954,Commercial,92,1182,2,1.19,2,10,12,0,12789310.8,60.0
5299,Industrial,60,1803,2,1.1,2,4,17,9,26171090.0,153.98
7095,Commercial,89,2356,2,1.15,1,9,9,8,29932223.0,157.68
6997,Residential,108,1099,2,1.2,3,21,12,2,21907512.0,155.52
12183,Industrial,52,938,3,1.14,4,23,8,2,56206309.2,360.98
10688,Residential,39,1158,2,0.91,2,11,11,3,18279042.6,284.5
12983,Residential,43,1635,3,0.98,1,23,10,10,24777977.0,350.18
13715,Industrial,88,2322,2,1.22,3,20,5,0,71043747.6,339.98
13674,Residential,106,2427,3,1.01,3,22,16,8,33157148.6,348.05
2448,Commercial,67,2782,3,1.19,1,4,14,10,16079065.8,61.6
6339,Residential,18,2103,2,1.05,1,12,3,2,13591326.0,174.58
10437,Industrial,70,1708,3,1.11,4,12,3,9,49080093.0,345.42
4999,Residential,28,1934,1,0.93,1,18,17,3,10902445.8,117.07
12915,Industrial,59,2986,3,0.97,4,17,10,0,53435088.4,360.68
9245,Commercial,62,1795,2,1.28,4,8,14,3,38209536.0,275.52
12175,Residential,33,2951,1,1.26,5,5,4,0,30849827.4,396.98
3357,Commercial,75,2037,2,1.16,3,24,10,4,20271870.0,103.93
6392,Industrial,41,2584,3,1.08,3,20,14,4,32346345.6,201.0
898,Residential,59,964,1,1.17,3,13,3,10,7199337.6,95.75
3000,Residential,119,1798,2,1.15,5,16,9,6,17961689.0,121.3
14972,Residential,89,2107,2,1.13,4,12,10,7,36028569.7,423.1
3761,Commercial,111,1456,3,0.92,4,6,17,3,16330901.6,94.72
5773,Commercial,106,2709,2,1.15,1,6,3,6,28459188.0,110.02
5233,Commercial,112,2846,1,1.21,5,16,7,3,32724522.6,170.72
12769,Residential,100,2911,1,1.3,1,19,9,2,39762450.0,260.73
3669,Residential,59,1940,2,0.9,5,12,6,5,11913570.0,185.52
12226,Commercial,36,2689,2,1.19,1,13,10,3,42684252.8,301.85
12783,Residential,45,1066,3,1.13,2,3,2,2,25779368.0,340.58
1756,Residential,49,2645,1,1.07,3,21,10,8,11151700.5,104.7
14792,Industrial,28,2508,2,0.95,3,16,11,4,54699784.0,425.9
13059,Commercial,49,2310,1,1.06,4,21,5,6,42869792.0,409.78
9152,Commercial,20,1275,1,1.04,2,5,4,5,26462800.0,281.8
6499,Industrial,112,1776,2,1.02,3,23,11,9,33776137.2,176.38
7744,Commercial,71,2007,2,1.19,4,19,16,4,33480542.9,232.8
5293,Industrial,24,1843,2,1.18,2,7,12,6,26139902.8,175.12
10292,Residential,16,2760,3,1.14,3,24,15,10,24581592.0,347.0
5711,Residential,48,1357,2,1.28,1,20,7,5,17434342.4,143.88
4787,Residential,8,1817,3,1.04,5,12,13,9,12705243.2,263.78
10519,Residential,9,2405,3,1.0,2,3,14,1,18627850.0,289.78
6815,Commercial,67,1682,2,1.16,4,9,18,2,27745251.2,199.78
14503,Residential,55,2994,3,0.98,2,12,17,1,29198708.0,348.08
14246,Residential,36,1465,2,1.03,4,6,4,2,26935736.0,431.35
2018,Residential,104,2571,1,0.99,2,19,3,0,14106034.8,60.0
5296,Residential,17,1663,2,0.93,4,24,12,7,12826680.9,235.8
5535,Commercial,65,1381,1,1.23,3,19,10,5,24883453.5,171.38
12096,Residential,67,1494,2,1.0,1,15,4,1,23746940.0,272.8
11727,Commercial,111,2051,2,1.09,3,23,19,7,44196589.7,285.88
5355,Residential,28,2410,1,0.92,1,11,16,5,11000348.0,137.48
9946,Commercial,35,2039,1,1.18,3,4,15,6,34463021.0,303.15
8850,Industrial,82,1198,3,1.03,3,10,3,10,38441742.4,276.15
13557,Residential,41,2746,2,1.2,2,4,18,0,30855696.0,329.12
4246,Commercial,15,1514,1,1.06,5,12,9,6,16214078.0,235.65
1845,Residential,66,1503,2,0.98,4,13,11,2,9450571.2,86.82
7693,Residential,93,2514,2,1.11,4,13,19,10,24923451.6,239.42
2493,Industrial,79,2772,2,0.95,4,4,9,7,17380383.0,120.62
4236,Residential,56,881,3,1.08,1,22,9,5,12348806.4,97.6
9554,Residential,86,1403,2,1.03,4,8,4,3,21991262.2,279.05
11477,Commercial,24,2770,2,1.26,4,15,4,10,43831494.0,411.72
6695,Residential,67,2510,3,0.92,2,12,13,7,16732592.0,179.28
4154,Industrial,94,2846,3,1.18,3,8,18,8,30402369.6,116.65
1025,Residential,95,1702,1,0.97,4,22,5,9,10561554.0,87.12
5693,Industrial,52,1164,1,1.03,5,11,18,1,26410580.2,203.72
7822,Commercial,90,962,1,1.07,4,12,15,5,27448068.0,226.05
9951,Commercial,76,2663,2,1.26,1,16,10,4,42397916.4,217.97
6400,Industrial,39,915,2,1.0,1,20,13,4,26570550.0,154.3
13540,Residential,51,1680,2,0.94,1,17,6,9,24139576.0,358.7
12059,Industrial,72,1639,3,1.03,4,23,12,10,52475142.2,375.88
8796,Residential,94,2994,2,0.94,2,22,4,2,23910855.2,198.7
9807,Residential,108,2146,1,0.95,5,21,16,7,25235363.0,294.77
13746,Residential,15,1836,2,1.13,4,13,15,7,28640076.0,444.15
8483,Commercial,84,1742,2,0.92,2,19,12,4,26769552.8,196.88
5442,Residential,79,2524,2,0.91,2,24,9,7,16511840.8,144.35
14303,Industrial,94,1937,2,1.19,4,14,5,9,70832179.6,419.88
12112,Industrial,50,821,3,1.04,4,6,13,7,49008440.0,378.3
8479,Industrial,8,2549,2,0.95,2,5,9,2,30768847.0,252.08
9008,Residential,116,1482,2,1.0,2,15,7,1,21769360.0,176.9
8139,Commercial,58,2633,2,1.16,2,9,16,8,31817547.2,223.08
10235,Residential,31,925,2,1.01,4,10,13,1,20010877.5,316.58
3005,Residential,106,1076,1,1.1,2,20,17,8,12352098.0,60.0
11516,Residential,31,2799,2,0.95,1,4,17,3,20308216.5,277.6
1869,Residential,24,2027,1,1.14,4,6,5,1,8165751.6,125.02
4244,Commercial,12,1495,3,1.03,1,22,12,9,15190646.0,148.5
11557,Commercial,27,2109,1,1.15,3,19,14,0,39445908.5,321.32
14856,Residential,28,856,2,1.22,4,2,10,3,31479708.8,449.0
1860,Residential,111,818,2,1.14,3,9,5,8,9705891.6,65.2
3127,Residential,65,912,3,1.02,2,20,13,8,10576278.0,96.68
4220,Residential,38,1341,1,1.0,2,18,10,3,10958740.0,125.1
1101,Industrial,117,1378,1,1.03,5,18,14,8,13688988.4,77.92
13268,Residential,107,1888,1,0.97,2,12,17,5,27608605.6,295.6
1406,Residential,18,824,1,0.97,3,3,7,0,4514341.2,85.25
3970,Residential,59,2372,1,1.22,2,7,11,9,14827196.8,130.55
1499,Industrial,22,2848,2,1.05,4,23,14,5,12627489.0,123.88
5888,Industrial,90,2372,1,1.07,2,15,8,8,31899268.0,153.2
10131,Commercial,14,940,1,1.14,5,4,18,1,32971422.0,345.08
990,Commercial,35,2567,3,1.14,2,13,14,5,9542199.0,60.0
11292,Commercial,58,1447,2,0.93,3,5,14,1,31013435.4,294.9
1780,Residential,114,1000,2,1.23,3,13,3,3,11672700.0,60.0
3775,Industrial,65,1056,2,0.97,2,14,11,7,17723549.0,110.88
6902,Commercial,12,1346,3,1.19,3,3,14,6,24323076.4,246.95
1984,Commercial,12,1601,1,1.21,3,3,10,10,9239995.6,150.0
4127,Commercial,101,1741,3,1.19,5,16,2,8,24505348.7,184.38
4194,Commercial,103,1213,2,1.13,4,24,15,6,21733482.1,129.95
9119,Commercial,15,2814,1,0.91,5,18,17,0,26084058.0,315.48
11057,Industrial,71,2181,3,1.04,1,8,16,1,47366831.2,225.62
2616,Industrial,17,1898,1,1.14,5,15,2,5,16443337.2,198.8
6654,Commercial,45,1709,1,1.05,2,13,18,6,22619257.5,183.35
7509,Commercial,118,987,3,1.25,4,18,14,2,33708100.0,182.32
1369,Residential,103,2815,2,1.02,2,15,16,8,14128887.0,60.0
6242,Commercial,119,2113,2,1.02,1,7,17,6,25447378.2,90.35
2695,Residential,99,2892,1,1.01,4,20,17,5,17101057.4,87.68
3533,Commercial,88,2930,2,1.03,3,7,3,5,19948731.0,113.42
4663,Industrial,102,1946,2,1.12,5,19,18,0,30548291.2,132.97
13713,Commercial,15,1157,2,1.18,2,6,12,4,43663717.0,382.82
8255,Residential,111,2351,2,1.17,1,7,9,9,25753256.1,174.08
4814,Residential,32,1889,1,1.22,3,3,4,2,13584016.8,173.75
11893,Residential,80,2480,1,1.25,5,9,13,6,34364375.0,368.82
2486,Commercial,73,961,3,1.23,3,16,17,9,15153095.7,98.25
3809,Residential,86,1249,2,0.91,5,16,15,2,12408687.2,138.93
8606,Residential,57,2297,3,1.19,4,12,17,4,24914875.3,264.05
954,Residential,74,1836,2,0.98,3,23,18,6,9708781.6,60.0
11529,Commercial,56,2958,2,0.95,3,23,12,2,36282343.0,310.42
2209,Commercial,43,2750,1,1.16,3,2,18,9,12841200.0,113.82
13049,Residential,75,2113,2,1.03,4,19,2,1,29692582.5,368.22
1584,Residential,85,2038,1,0.92,1,13,13,5,8899068.0,60.0
12167,Commercial,112,1773,2,0.96,5,13,16,7,39143788.8,350.58
8896,Commercial,48,1431,2,0.9,3,12,19,3,24840576.0,245.5
8360,Commercial,96,2390,3,1.26,4,9,15,8,39794832.0,249.7
13333,Residential,69,1850,2,0.91,1,8,2,7,23413390.0,335.12
8143,Commercial,17,2388,1,0.98,5,24,14,6,26239872.4,323.97
8006,Residential,28,2493,1,1.07,4,22,16,6,19905338.4,283.75
6396,Industrial,43,1236,1,1.04,5,3,8,2,28163657.6,248.5
6601,Commercial,19,2356,2,1.26,3,12,16,5,26643229.2,225.82
3606,Residential,98,1876,2,0.92,1,23,11,4,13178484.8,60.0
1337,Residential,111,2104,3,1.1,4,11,15,0,14313002.0,60.0
6786,Commercial,9,2878,1,1.17,1,4,7,10,22162210.2,226.95
2641,Industrial,20,982,2,1.27,3,21,15,2,17821529.0,112.52
14008,Commercial,60,2269,2,1.15,1,11,13,0,47499830.0,307.7
11447,Commercial,39,2279,2,1.22,1,19,12,3,41826394.6,276.98
9516,Commercial,102,2389,2,0.93,2,15,3,9,31806316.2,246.8
7771,Commercial,23,2387,2,1.05,1,19,2,2,25278256.5,207.88
6425,Residential,39,1459,2,1.05,5,9,9,10,16111756.5,290.92
3750,Industrial,39,959,1,1.25,4,11,15,3,22058787.5,155.05
8792,Residential,105,1811,2,0.96,2,23,10,8,21880944.0,210.8
13123,Residential,18,852,1,0.96,4,14,3,2,22890796.8,419.18
5580,Industrial,17,1845,2,1.03,4,22,6,5,26029078.5,241.9
13107,Residential,22,1853,2,0.92,3,9,9,5,21972801.6,396.58
3168,Residential,24,2028,2,0.97,3,5,17,6,8547795.2,139.5
12839,Residential,47,2294,3,1.29,2,5,17,8,32112021.6,347.88
7455,Industrial,25,2289,3,1.07,3,6,14,6,32965897.5,250.38
8973,Residential,62,1835,3,1.15,3,2,16,0,22393490.0,225.72
5295,Residential,80,2750,2,1.19,3,18,2,7,21946575.0,175.38
11693,Residential,32,1649,2,1.05,4,3,4,4,23123667.0,380.72
9963,Residential,111,1153,2,0.96,2,9,7,8,20432630.4,239.77
6802,Residential,66,1898,3,0.98,4,8,15,9,17307819.2,239.75
7414,Residential,85,2539,2,1.03,5,16,5,4,22964313.5,254.85
10158,Commercial,96,2264,3,1.15,4,6,19,4,40727618.0,268.65
14203,Residential,29,1790,3,1.06,5,3,16,1,28155508.0,437.88
13921,Residential,37,2064,2,0.9,1,8,10,10,22565286.0,378.42
6719,Residential,91,2684,1,1.11,1,9,19,2,21207460.2,101.68
11766,Residential,92,2609,1,1.27,5,8,4,9,36131296.8,384.55
10974,Commercial,51,1911,3,1.22,5,8,11,8,42161772.6,382.05
1653,Commercial,39,1617,1,1.23,4,15,18,6,12083999.7,113.12
4946,Residential,58,2599,3,1.22,5,22,8,0,21400337.2,190.25
12728,Residential,53,2760,2,1.03,2,19,16,2,27789812.0,311.8
4569,Residential,28,1688,2,1.21,1,7,2,1,12186418.2,118.82
1374,Industrial,106,2655,3,0.96,1,5,12,0,14545824.0,60.0
12253,Commercial,39,1980,2,1.16,5,11,18,8,43092956.0,413.12
1948,Commercial,101,1467,2,1.16,3,19,6,7,15445411.6,68.9
7093,Residential,46,1432,2,0.91,3,13,8,4,14574250.6,223.52
7257,Industrial,19,2442,2,1.22,5,17,16,10,38541556.8,317.23
8309,Residential,112,936,2,1.26,2,8,4,1,22690659.6,167.12
10707,Residential,54,2746,1,1.01,3,7,16,0,23239110.2,275.48
5577,Residential,25,2497,3,1.22,5,6,6,6,17370665.0,265.42
13925,Residential,28,1227,3,0.93,2,4,13,10,22522907.4,406.22
4654,Industrial,20,2275,2,1.14,2,13,6,10,23431560.0,191.35
14165,Commercial,28,1618,2,1.09,4,16,4,1,44659065.8,430.72
3291,Residential,15,2988,2,1.12,2,11,10,0,10058832.0,105.28
11652,Commercial,53,1906,2,1.27,3,21,10,1,46177885.8,313.9
3924,Industrial,111,997,3,1.25,3,20,8,6,26817512.5,102.3
6491,Industrial,117,2795,1,1.21,5,17,3,6,44805029.5,219.17
3851,Commercial,14,1270,1,1.01,5,12,17,9,14302509.0,229.58
804,Industrial,30,2748,2,1.26,2,9,10,5,9811872.0,60.0
6022,Industrial,115,1728,2,0.94,1,4,14,4,26826284.0,82.55
6115,Commercial,103,2810,2,1.24,4,24,18,2,35923296.0,153.48
5669,Residential,82,1705,2,1.03,1,8,7,2,15035734.0,100.62
1676,Residential,93,822,2,0.92,2,24,5,10,8102789.6,60.0
9983,Industrial,29,1034,2,1.17,2,8,2,8,44740893.6,313.38
7827,Residential,114,1924,1,0.99,1,15,19,3,20414374.2,115.98
4942,Industrial,96,1728,2,1.0,4,3,10,8,25173640.0,171.75
7766,Residential,29,1322,1,1.02,1,11,14,3,14993122.8,189.95
7879,Residential,99,2608,1,0.93,5,20,9,1,22658761.8,234.28
8787,Residential,36,1230,2,0.97,3,10,14,3,17080633.0,259.88
7599,Residential,20,1592,1,0.9,5,17,16,5,15168330.0,299.98
13356,Industrial,89,2429,1,1.08,3,20,12,5,61593944.4,344.7
5265,Industrial,9,2536,1,0.93,2,19,13,4,20750364.6,174.92
1435,Industrial,36,1332,3,1.17,4,10,15,0,12122440.2,84.58
14217,Commercial,92,2546,3,0.99,1,17,5,2,45212765.4,309.32
2493,Residential,86,2475,2,1.28,4,14,2,4,18080000.0,110.52
10674,Commercial,59,2116,3,1.25,1,11,5,5,41162900.0,262.15
5552,Commercial,34,1712,2,1.02,5,21,10,0,21242764.8,221.6
9111,Commercial,57,1924,2,1.21,5,15,11,8,37107723.4,330.67
1630,Residential,102,2325,1,1.22,1,13,5,2,14224590.0,60.0
14898,Commercial,86,2127,2,1.29,4,20,10,9,61059131.4,433.65
12667,Residential,30,1823,2,1.14,1,8,14,2,25696968.0,306.68
5977,Industrial,95,2376,2,0.93,2,24,13,10,29472723.0,153.93
10361,Industrial,51,2178,2,1.16,5,16,12,1,51383174.4,330.22
9732,Residential,84,2319,2,1.15,2,17,13,7,27303162.0,241.6
9108,Commercial,29,2481,2,1.16,5,9,19,2,33557025.2,311.0
6749,Commercial,50,2797,3,1.02,5,11,13,5,26079360.0,259.23
3638,Residential,44,1026,2,1.24,3,5,17,1,11670036.8,110.25
1950,Industrial,68,2059,2,1.28,2,20,6,6,18720460.8,65.35
8360,Industrial,104,1672,2,0.99,2,20,13,3,37695873.6,171.3
2731,Residential,63,1691,2,0.94,3,22,12,8,10896940.6,114.88
10004,Residential,10,2278,2,0.98,4,16,10,9,19491612.0,372.1
2464,Residential,70,1836,1,1.23,2,15,19,8,12732468.0,67.1
1881,Residential,26,1196,2,1.17,1,2,4,6,5913624.6,75.23
13721,Residential,30,1923,1,1.15,3,17,18,7,29684030.0,402.02
1312,Industrial,36,2878,2,1.06,2,11,15,2,11024254.4,60.0
11841,Residential,37,1448,2,1.13,4,20,2,10,27084721.4,413.42
14207,Residential,46,1128,2,1.02,2,23,18,4,27302482.8,361.38
8605,Industrial,115,2282,1,1.09,5,4,9,1,44897536.0,239.62
6037,Commercial,118,1751,2,1.22,1,6,6,9,28049068.8,117.52
1359,Residential,32,2805,1,1.29,3,10,6,6,9715377.0,104.38
4472,Residential,108,2816,3,1.27,5,19,10,7,26837436.8,170.4
13575,Residential,118,2678,3,1.27,4,12,4,8,43107127.4,378.98
8204,Commercial,15,1996,3,1.06,5,17,10,10,28098692.0,353.1
13984,Residential,113,2572,2,1.09,5,3,19,10,36073637.2,405.7
4143,Commercial,65,961,2,1.18,4,13,17,6,19035111.0,156.07
14300,Industrial,23,2551,1,1.27,5,23,2,9,72275941.3,506.1
4870,Residential,79,1575,2,0.96,3,7,3,9,13284240.0,174.05
13791,Industrial,8,2627,2,1.02,2,12,15,7,52732959.6,400.88
10462,Industrial,115,1851,2,0.96,5,9,15,8,45122832.0,312.05
1380,Residential,12,1739,3,1.14,3,13,2,5,7291485.6,121.9
7804,Industrial,10,1339,1,1.02,2,3,17,9,29902014.0,256.6
11286,Commercial,72,1621,3,1.03,2,10,16,1,35654850.8,255.55
8930,Industrial,11,2261,2,0.93,5,16,16,1,34132050.9,320.45
3947,Commercial,111,1888,2,1.04,3,3,13,3,19296721.6,80.38
5049,Commercial,106,1155,1,1.24,5,2,17,8,23926296.0,180.92
2479,Commercial,103,1034,1,0.99,4,11,15,6,12664634.4,87.07
4306,Industrial,71,2348,2,1.18,2,3,16,1,25927243.2,81.85
14084,Commercial,113,2896,2,1.15,5,13,16,7,56841556.0,397.7
8053,Commercial,105,917,1,1.25,2,24,9,10,33401312.5,203.82
3544,Industrial,114,2901,2,0.95,3,9,3,6,24059149.0,97.9
12348,Residential,96,2473,3,1.29,1,6,3,8,35661069.6,292.4
13037,Residential,17,1867,3,1.13,5,23,11,7,29614667.1,455.82
10235,Residential,28,2900,3,1.3,5,2,4,2,27805050.0,362.48
5988,Residential,53,1357,2,1.26,2,16,18,0,18067933.8,130.3
12110,Residential,110,2615,2,0.99,3,7,9,1,29298555.0,281.25
14096,Industrial,98,2805,2,0.92,4,13,5,1,56564084.0,371.5
2941,Residential,34,1197,2,1.0,3,9,15,3,8632440.0,113.82
14861,Commercial,73,1474,1,1.11,5,14,11,5,49484421.6,446.62
14045,Residential,48,1186,1,0.97,4,20,2,3,26263079.8,424.72
12051,Industrial,119,2958,2,0.97,3,2,5,8,53387403.2,313.58
13540,Industrial,20,2864,1,1.09,1,12,2,3,55708156.0,359.5
14315,Residential,16,1683,2,0.91,2,21,18,5,23642109.4,393.08
11951,Industrial,43,1340,1,0.95,3,2,18,5,43279245.0,337.38
11257,Residential,93,970,1,1.07,3,9,8,9,23852226.0,315.02
7417,Industrial,113,1539,2,0.93,1,6,16,10,30575340.3,146.02
3279,Residential,97,2201,2,1.06,5,18,14,9,17196814.6,153.38
7284,Industrial,65,918,2,1.09,2,9,3,0,32464669.0,175.6
13638,Residential,61,2951,1,1.08,3,11,14,7,31057916.4,381.15
10627,Commercial,19,2795,1,1.25,4,3,12,2,38450812.5,342.48
14400,Commercial,88,2505,2,1.11,3,10,16,5,50741652.0,365.6
8221,Residential,85,2522,2,1.09,2,24,11,2,24811234.0,181.02
10749,Residential,21,2497,2,1.06,3,4,10,10,21408406.6,361.92
5252,Residential,41,2244,2,1.23,1,19,10,1,16774887.6,113.5
11062,Residential,60,2559,3,1.26,3,8,2,4,30742992.0,320.55
6681,Commercial,27,2324,2,1.24,3,16,18,0,27633325.6,193.42
7465,Residential,82,1464,2,1.17,4,22,13,8,22930759.8,241.52
14869,Residential,23,832,2,0.95,1,23,11,10,24963701.0,411.83
3649,Residential,102,2902,2,1.01,1,21,6,6,17729156.2,60.0
12243,Industrial,77,2859,2,0.92,3,19,19,2,49178406.8,300.97
8190,Residential,63,2351,2,1.27,4,4,16,3,25055055.3,245.35
7705,Residential,90,1519,2,1.16,3,24,7,5,23384208.0,210.12
12722,Residential,108,1283,1,1.2,3,15,8,2,31847904.0,304.65
3289,Residential,65,1772,1,1.02,2,3,18,6,10188678.0,83.22
10623,Industrial,11,1106,2,1.24,2,15,7,5,50400395.2,321.27
11808,Residential,118,1256,3,1.0,4,23,9,8,27358240.0,327.3
10007,Residential,11,1130,1,0.9,5,12,13,4,17445060.0,366.88
10340,Commercial,27,1024,3,1.05,2,17,15,3,31793412.0,279.4
5411,Commercial,17,2279,2,1.13,5,9,13,2,21119462.7,237.17
12079,Residential,31,1882,3,1.09,1,8,11,9,24054948.4,330.68
3639,Commercial,106,1443,3,1.24,2,12,16,0,20814937.6,60.0
9327,Industrial,33,1415,2,0.94,2,4,8,2,33882629.0,254.78
6678,Residential,44,994,1,1.12,4,18,10,2,17280569.6,226.75
13584,Commercial,109,1288,1,1.11,5,15,11,6,47143653.6,390.9
9887,Commercial,92,2049,1,1.01,2,7,11,6,32696467.4,237.08
7103,Residential,61,1902,2,1.23,2,9,17,0,20461246.8,153.27
12538,Residential,111,1947,1,1.2,4,23,8,2,35868612.0,322.65
1651,Residential,110,2041,2,1.19,4,6,6,7,14770042.0,79.28
2487,Industrial,28,1315,2,1.25,5,9,4,8,17261375.0,198.78
10923,Industrial,81,2425,3,1.19,1,3,19,6,54529667.5,234.77
7633,Commercial,45,1927,1,0.99,1,16,12,6,23843110.5,191.82
12738,Residential,53,1192,1,1.18,3,13,16,10,28440690.4,377.05
3227,Commercial,11,1430,1,1.02,2,18,6,7,11872188.0,147.88
10560,Commercial,67,2647,3,1.0,5,2,13,5,35320470.0,340.9
4800,Residential,64,1779,2,0.93,2,16,5,10,12848582.4,161.3
5852,Residential,52,1233,1,1.2,5,15,16,2,18001776.0,215.7
3538,Industrial,27,1077,1,1.18,5,21,10,0,21423336.6,176.85
12490,Residential,24,1032,1,0.99,5,23,8,6,24332259.6,436.05
6532,Industrial,78,2352,1,1.2,2,17,11,0,37638816.0,134.4
6187,Residential,11,2394,3,1.27,4,10,14,0,17742560.4,224.88
8802,Residential,100,1913,2,0.94,2,2,9,8,19497480.0,216.55
6336,Residential,21,825,2,0.99,5,18,13,9,14774512.5,292.1
14279,Residential,10,2217,3,1.2,3,14,2,6,31060320.0,450.98
4713,Industrial,95,1260,1,1.01,1,22,17,10,23317365.0,91.32
1866,Residential,108,1891,2,1.15,5,22,18,3,16359716.0,73.25
8523,Industrial,87,1806,3,0.93,3,6,19,5,34916068.8,214.97
5180,Commercial,65,2794,2,1.08,4,11,12,0,23866164.0,159.5
11436,Industrial,62,1290,2,1.2,5,7,19,6,55470480.0,362.8
4907,Residential,11,1872,1,1.17,3,20,8,5,13780564.2,201.88
6526,Industrial,31,1015,1,1.23,5,14,19,3,34421488.5,249.85
4173,Commercial,41,2523,1,1.25,2,2,9,6,18794737.5,138.02
12961,Residential,37,2392,2,1.21,3,21,7,2,31818910.2,368.92
11538,Residential,89,958,2,1.17,2,16,8,0,26985886.2,255.25
9745,Industrial,26,1485,3,0.91,2,15,11,3,35185878.0,271.32
2882,Industrial,38,2576,2,1.11,3,9,12,2,17786240.4,108.65
11766,Residential,67,2852,3,0.92,1,11,14,0,23810998.4,244.55
11888,Commercial,67,2643,3,1.22,3,10,10,1,46887564.6,308.6
13177,Industrial,26,2389,1,1.03,1,18,8,10,52100407.6,371.62
9767,Industrial,56,2496,2,1.12,5,10,10,4,47575113.6,329.38
7548,Industrial,70,2746,1,1.01,5,4,14,7,35738446.0,271.7
10617,Commercial,117,2862,2,1.21,3,12,4,0,48264625.2,240.82
12061,Residential,90,1945,3,1.25,5,13,4,3,35053750.0,363.52
1217,Residential,29,2381,1,1.06,4,11,2,3,7734788.2,119.22
9106,Residential,31,2732,2,1.25,2,18,3,4,24499700.0,268.35
9608,Commercial,116,2557,2,1.01,2,18,4,6,36681543.6,221.4
4774,Commercial,83,2850,2,1.11,1,12,16,7,23677965.0,88.95
4067,Residential,37,1789,2,1.24,5,23,7,5,16722999.6,211.58
1625,Industrial,65,2341,2,1.03,1,5,14,0,12208023.5,60.0
8468,Commercial,109,1916,1,1.28,2,8,2,6,37805209.6,201.5
6545,Commercial,38,1292,1,0.95,2,22,2,2,20268611.0,190.22
10508,Residential,107,1419,1,0.91,5,15,3,5,22401460.9,322.6
12138,Commercial,71,2897,2,1.26,4,8,16,7,50293668.6,357.65
1212,Residential,26,2346,1,0.93,4,9,15,6,6368528.4,117.0
8343,Residential,55,1662,3,1.3,5,2,12,9,24513840.0,316.58
8387,Residential,52,2491,2,1.28,5,23,16,5,27989068.8,294.08
1528,Residential,107,2405,2,0.95,1,5,7,8,11031447.5,60.0
12340,Residential,101,1379,2,1.12,5,13,10,8,30338974.4,377.7
7964,Commercial,62,2690,2,0.97,4,4,6,0,27075998.0,240.5
11800,Residential,62,2075,3,1.07,5,14,3,0,28204665.0,365.9
9667,Commercial,104,2655,1,0.92,1,21,7,0,32523012.0,172.98
12457,Residential,25,2155,1,0.99,1,7,19,7,21583732.5,322.92
6788,Industrial,70,1962,2,1.05,1,12,10,9,31687110.0,168.7
3304,Industrial,99,1156,1,1.08,1,24,7,6,19653105.6,60.0
3767,Residential,54,2424,1,1.29,3,5,15,2,15321820.2,113.48
3586,Residential,82,2806,2,1.22,5,21,14,1,21327747.2,133.05
1922,Residential,64,1669,1,1.19,2,17,12,3,10814101.2,60.0
4879,Commercial,52,1685,2,1.11,5,8,13,2,20785971.0,195.88
2371,Commercial,40,2801,1,1.24,3,23,14,6,16601988.0,111.28
5873,Residential,24,2213,3,1.04,1,12,15,9,13522974.4,175.12
5904,Commercial,77,2083,2,1.18,3,2,19,7,25808641.4,167.5
2943,Residential,11,1419,2,1.3,4,8,13,5,10767601.0,170.27
10679,Residential,27,1682,2,1.03,4,13,5,2,21919347.6,347.88
7606,Commercial,119,1596,3,1.17,5,8,11,5,33827882.4,228.45
8157,Residential,54,2972,1,1.24,5,24,18,1,27590173.6,263.73
13124,Commercial,98,2096,3,1.27,2,8,5,6,52923744.8,322.2
12843,Residential,22,1418,2,1.19,2,11,13,10,27251452.2,383.98
4240,Industrial,77,2634,2,1.01,4,17,14,9,25476785.4,168.4
4566,Residential,54,1044,2,1.03,1,9,5,6,10856488.4,118.45
6444,Residential,85,1729,1,0.91,3,10,11,3,15356204.5,166.6
11318,Commercial,82,2070,2,1.2,2,10,4,7,43184640.0,296.35
3714,Residential,110,1319,2,0.92,2,3,16,3,10877804.0,60.0
5768,Industrial,16,807,1,1.25,1,14,3,6,28469200.0,181.9
6717,Commercial,97,2819,2,0.95,1,14,18,3,26121000.5,103.32
14384,Commercial,23,1294,1,0.97,5,24,7,4,40791274.2,475.7
12944,Commercial,76,2429,1,1.09,3,24,9,6,45886950.8,354.3
9587,Industrial,68,1862,1,1.2,1,5,4,9,46383576.0,249.28
14991,Industrial,17,986,1,0.96,2,13,19,2,53348505.6,392.67
1528,Commercial,57,2677,2,1.08,2,18,2,9,12741483.6,84.6
2165,Commercial,10,2940,1,1.09,4,3,17,4,9695005.0,140.62
5292,Residential,84,885,3,0.98,1,14,8,10,12708836.0,128.1
1498,Residential,114,936,2,0.95,5,19,4,2,9925714.0,75.25
7986,Commercial,101,2921,1,1.23,3,16,5,4,39625224.9,206.35
14723,Residential,116,2436,2,1.1,5,9,10,2,38017958.0,395.28
1195,Residential,77,2551,3,0.91,2,16,6,10,10178632.1,60.0
8200,Residential,88,2587,2,1.22,5,2,16,9,27364209.6,280.6
8882,Residential,116,1671,1,1.29,2,21,9,10,29074123.2,215.75
4971,Commercial,58,1743,3,1.14,2,11,7,6,21044764.8,147.38
5160,Industrial,26,2426,2,1.1,2,13,19,0,25137508.0,129.7
3302,Residential,49,1148,1,1.25,2,6,16,8,10675700.0,109.35
10811,Commercial,42,2476,1,1.28,2,10,8,8,41532492.8,314.67
1517,Industrial,53,1996,2,1.2,4,24,11,4,16179768.0,99.02
3582,Residential,33,809,1,1.08,5,9,7,8,10663822.8,217.65
5746,Industrial,76,2261,3,1.14,4,17,15,9,34047331.2,205.35
12569,Residential,100,1466,2,1.18,4,15,18,5,32274770.0,332.22
6286,Residential,71,2322,3,0.98,1,14,10,4,16831362.8,130.35
9135,Industrial,44,2976,2,1.08,1,24,6,2,42552885.6,219.18
5780,Residential,91,1400,1,1.23,1,22,8,10,19055160.0,134.7
12132,Commercial,56,1126,1,1.16,3,14,8,10,41089148.8,371.5
8066,Industrial,28,1779,2,1.06,1,6,3,7,33310881.6,234.75
5291,Residential,81,1428,2,1.17,5,17,17,3,18961651.8,181.97
7992,Commercial,71,2429,2,0.95,4,12,14,9,27506081.5,267.0
11930,Industrial,12,1073,1,1.06,5,23,9,2,50075756.8,410.15
6388,Residential,107,1484,1,1.22,1,6,7,5,19209680.8,113.6
8451,Industrial,77,915,1,0.99,3,14,7,7,34543228.5,249.17
4436,Commercial,97,1660,2,0.97,3,12,10,8,18643982.0,133.3
12214,Commercial,11,2803,1,1.28,4,20,5,5,45772787.2,414.05
1967,Commercial,110,1492,2,0.98,5,4,12,4,13074278.0,88.18
11608,Residential,46,1905,2,1.0,2,16,6,10,23240900.0,344.4
1862,Industrial,42,2961,3,1.29,5,8,18,1,18637739.4,115.95
2956,Industrial,8,2592,2,1.19,1,8,8,1,15313015.2,85.5
8660,Commercial,31,953,1,1.18,2,7,16,8,28952822.2,257.7
5961,Commercial,64,2700,2,1.24,3,4,16,1,28007260.0,153.82
6105,Commercial,107,2227,2,0.95,4,14,15,1,25090611.5,149.52
11974,Residential,77,2089,2,1.18,4,8,14,2,30900176.2,326.75
7341,Commercial,48,1114,3,1.1,3,6,12,2,25252326.0,212.12
12286,Commercial,61,1864,3,1.23,1,24,14,3,46649127.6,277.35
5529,Commercial,53,904,1,1.1,3,19,10,6,20855846.0,185.82
10148,Commercial,67,2724,1,1.15,1,23,11,8,39037026.0,248.6
8130,Residential,115,2713,2,1.09,2,9,5,1,26219786.5,158.75
6134,Residential,67,2016,2,1.09,3,18,18,3,18696944.4,162.75
9724,Residential,64,2224,1,1.21,1,21,15,8,26324856.8,234.4
5130,Residential,38,2572,2,1.15,2,2,19,1,14291142.0,124.35
8810,Commercial,91,2760,2,1.15,3,15,12,9,38133770.0,249.45
7601,Commercial,31,2403,1,1.08,4,18,17,10,27364273.2,289.72
5646,Commercial,96,1508,2,1.11,3,11,2,0,24040424.4,136.35
7531,Residential,43,1450,3,1.2,5,13,8,9,21440400.0,311.88
8041,Commercial,92,1746,1,1.23,3,17,11,7,34958395.8,220.92
1753,Residential,37,1460,2,1.18,5,15,10,8,10443118.0,164.22
3339,Residential,31,2946,2,1.27,2,17,4,6,14031315.6,132.67
7856,Commercial,115,1932,3,1.23,3,9,15,7,36414642.0,191.9
12316,Industrial,113,1499,3,1.12,2,24,16,3,58786123.2,258.5
12293,Residential,37,2838,2,1.17,2,11,3,3,28418925.6,338.22
2342,Residential,93,1351,2,1.27,1,18,15,1,12931508.3,60.0
6093,Residential,99,1204,2,1.15,2,19,17,7,18647687.0,132.62
14764,Residential,14,1261,2,1.23,2,21,8,10,32442012.6,445.9
1991,Commercial,42,2979,1,1.18,3,17,5,1,14432627.2,88.68
7113,Residential,62,1673,1,1.12,3,18,19,8,19467033.6,214.72
14504,Commercial,99,883,1,1.0,4,17,6,3,42882510.0,389.4
11985,Residential,21,2222,2,1.07,1,20,7,0,24050775.2,297.32
7738,Residential,17,1020,1,1.29,2,9,8,3,18482088.0,232.85
3481,Residential,87,2191,3,1.16,1,7,16,2,15126411.6,60.0
10209,Residential,23,911,1,1.13,5,7,2,5,21969561.7,383.83
2340,Residential,61,1414,1,1.27,2,22,5,6,12188977.4,82.2
6972,Residential,102,2381,2,1.13,1,10,2,7,22423561.8,149.7
12228,Industrial,113,1274,2,1.11,4,5,12,1,55740714.6,302.3
6341,Residential,96,2713,1,1.2,4,13,19,5,25109928.0,178.22
11378,Industrial,84,1070,2,1.19,2,13,15,5,54049086.0,269.75
12711,Residential,77,2720,3,0.98,5,24,12,9,30526706.0,408.17
14607,Industrial,51,2190,1,1.09,4,18,11,4,63846968.0,427.88
10380,Commercial,80,839,2,1.09,4,16,18,9,35058324.0,313.5
10848,Commercial,52,2782,3,1.05,5,10,5,9,37652916.0,392.1
2165,Commercial,107,1793,1,1.11,1,8,16,6,14172513.3,60.0
9491,Commercial,63,2812,2,1.07,4,11,17,2,35034132.6,271.38
10672,Commercial,114,1089,2,0.98,3,17,14,3,33520292.4,244.6
9502,Commercial,91,1078,2,1.06,4,13,10,9,32433816.4,294.75
8294,Commercial,89,1380,1,0.93,1,8,12,8,24198228.0,183.15
5112,Residential,114,1662,1,1.13,1,19,12,3,18138805.2,60.0
2124,Residential,64,1053,2,1.24,2,16,7,2,10425622.4,60.0
10147,Commercial,28,980,1,1.19,3,7,2,1,34141933.0,308.28
10819,Commercial,75,1480,2,1.04,1,13,7,4,34088600.0,244.98
3941,Commercial,57,1624,2,0.93,5,12,14,3,15744472.2,171.92
8219,Commercial,40,1499,2,0.98,3,21,6,7,26015374.0,274.48
4286,Industrial,98,2149,3,1.12,3,4,16,6,27013347.2,109.75
2610,Residential,14,2180,2,0.98,5,3,19,5,8065988.0,175.55
7388,Residential,77,2473,1,1.12,4,7,15,10,22169985.6,250.6
3723,Residential,22,2438,3,0.99,5,23,16,1,12764644.2,181.48
6101,Residential,89,2757,1,1.24,5,6,6,2,24691735.6,207.32
11206,Industrial,39,1011,1,1.06,4,19,5,9,47280102.2,386.45
4986,Residential,82,2338,2,1.0,4,17,3,8,17530480.0,194.55
9705,Commercial,27,1183,2,1.22,4,9,8,8,35039290.6,349.02
6777,Residential,95,2514,2,1.04,4,21,11,4,22911616.0,196.92
12594,Commercial,22,1141,1,0.94,4,23,17,2,34627776.4,381.75
13126,Commercial,55,2638,2,1.13,5,12,11,1,46858501.0,397.65
12514,Residential,78,2787,1,1.13,2,11,19,7,31292615.4,306.95
5068,Commercial,28,1643,3,1.19,2,13,18,5,20527642.8,152.3
5548,Residential,49,2334,1,1.0,1,22,14,9,14752980.0,148.5
5649,Residential,33,1219,3,1.08,2,7,2,10,13262734.8,211.82
10235,Residential,115,2788,2,1.01,2,21,2,6,28957811.0,240.88
4509,Residential,21,2732,3,0.93,5,6,16,0,11610733.8,196.92
10073,Residential,64,2649,2,1.25,4,24,2,0,31494475.0,297.62
14771,Commercial,44,1105,2,1.19,4,10,7,9,49963459.0,468.58
7419,Commercial,65,1668,2,1.02,5,17,14,1,27132102.0,242.48
9447,Commercial,28,1935,1,1.14,2,23,2,9,32880906.0,305.78
13916,Residential,89,2234,1,0.98,5,15,6,2,30516004.4,402.7
9886,Commercial,76,1005,3,1.26,1,23,10,0,38690064.0,196.35
10376,Residential,10,1295,3,0.95,4,9,18,4,18764875.0,344.4
10950,Residential,94,2709,2,0.9,3,21,17,2,25437942.0,258.05
3872,Industrial,97,1845,1,1.1,1,20,9,0,23893045.0,60.0
7330,Residential,44,1012,2,1.13,1,15,18,7,16871849.2,181.05
10988,Commercial,95,1109,2,1.13,5,8,16,10,39019634.5,349.7
13277,Commercial,56,2791,2,0.92,2,6,2,5,36874869.6,359.12
1304,Residential,26,1071,2,1.03,4,19,13,8,7510121.4,132.3
2014,Residential,96,2622,3,1.1,3,3,6,2,14599596.0,60.0
2331,Residential,92,2879,1,0.99,1,12,7,8,13308114.6,60.0
12432,Industrial,19,1242,2,1.25,3,23,2,8,60774925.0,407.6
8376,Residential,68,1053,2,0.93,2,9,2,0,16007271.6,202.0
1623,Residential,48,1320,2,1.09,2,2,11,2,6687477.0,60.0
1728,Residential,40,1776,1,1.18,3,23,11,5,10411376.0,94.7
5829,Commercial,57,809,1,1.0,4,13,4,7,19555890.0,229.13
14228,Residential,75,2383,3,1.15,2,3,18,3,33239312.5,333.7
933,Residential,113,1934,2,1.23,3,19,12,4,14705584.8,60.0
2905,Commercial,78,952,2,0.98,1,8,19,8,11162376.4,60.0
4427,Industrial,93,2458,3,1.27,3,18,3,5,33721446.4,131.78
13772,Residential,40,2656,2,1.12,3,23,10,6,31634624.0,402.3
7116,Residential,88,2014,1,1.02,5,24,18,6,21614779.2,235.5
2652,Residential,31,2552,2,1.07,2,15,15,3,10112955.2,84.0
5710,Commercial,68,1904,2,1.02,4,8,5,3,21990343.2,195.85
14260,Residential,68,1694,2,1.19,4,23,18,3,35397454.4,390.1
4975,Commercial,105,1911,2,1.22,5,4,18,10,26787723.0,188.38
11925,Commercial,35,903,2,1.23,4,7,13,4,41894599.5,370.62
12276,Commercial,65,2714,2,1.29,3,21,19,4,51835167.0,321.4
13290,Residential,50,1806,3,1.22,5,3,4,7,32139680.0,446.25
11803,Industrial,48,1206,1,1.14,1,18,12,8,52037739.6,303.67
6148,Commercial,46,2201,1,1.04,2,13,19,1,21847675.2,143.4
14787,Commercial,93,966,2,1.12,2,13,5,10,47670156.8,387.78
10242,Residential,56,1308,1,0.92,2,18,18,6,19007604.8,264.25
14770,Industrial,24,2461,1,1.2,3,11,19,0,67640304.0,396.55
14643,Residential,105,1562,3,1.08,1,4,6,0,30979584.0,298.08
12504,Residential,77,1480,3,0.91,5,21,15,3,25184068.0,368.5
6990,Residential,117,2920,2,0.93,5,19,11,9,23932806.0,234.65
2056,Commercial,77,1964,1,1.05,2,14,16,6,12995682.0,60.0
4176,Residential,105,1381,1,1.13,1,13,2,1,14366989.5,60.0
6445,Residential,72,1061,1,1.09,1,18,17,10,15869593.4,153.02
14254,Residential,81,2163,1,1.15,1,5,12,1,32127653.5,303.55
4286,Residential,92,2131,3,1.09,4,24,7,0,19195510.4,123.05
4384,Commercial,12,2338,1,1.16,4,11,17,9,17633948.8,219.5
10388,Commercial,9,1360,2,0.99,2,12,3,1,28845828.0,303.0
12629,Residential,29,1899,1,0.95,1,7,2,6,20990848.5,344.52
8853,Residential,119,2703,3,1.14,1,7,10,8,28533299.4,176.12
4130,Commercial,64,974,2,1.09,5,10,13,5,17761637.2,182.55
3503,Residential,73,2956,3,0.91,5,16,18,9,15222607.4,172.18
9462,Residential,81,991,2,1.05,2,3,16,1,19426186.5,202.75
8920,Industrial,105,864,2,0.94,1,5,11,9,33409104.0,192.5
7914,Commercial,23,2297,1,1.11,2,6,13,9,25829622.3,254.95
14123,Residential,119,2367,2,1.06,5,18,15,8,36606771.4,400.38
2153,Commercial,58,1951,2,1.15,5,9,10,6,14693826.0,147.42
11775,Residential,46,2737,2,1.22,4,9,14,10,30426263.2,386.58
11823,Commercial,93,1168,1,1.02,2,23,4,0,37144544.4,265.17
5863,Residential,83,1650,1,1.28,2,13,15,8,19843840.0,147.67
9349,Residential,95,842,2,1.11,1,22,11,1,21892752.0,171.23
12011,Residential,118,2707,2,1.15,1,9,17,3,34039172.0,220.37
8375,Industrial,47,877,2,1.17,4,20,8,8,41124411.9,299.77
1467,Commercial,45,2624,1,1.17,3,4,5,3,11009583.0,83.18
5268,Residential,67,2093,2,1.1,3,19,12,2,17719823.0,145.1
14119,Residential,66,1473,1,1.07,3,22,17,0,30061692.8,349.68
10137,Commercial,17,1500,1,0.92,2,20,5,6,27054900.0,312.32
14459,Residential,106,1558,2,0.91,2,20,18,5,27521075.4,324.68
7619,Residential,71,2723,1,1.04,5,16,14,9,22493629.6,282.68
13177,Industrial,70,1701,1,1.03,2,7,12,3,53242348.0,320.42
4519,Residential,56,1792,2,1.06,2,17,4,5,13874403.6,137.17
3545,Commercial,71,1991,1,0.96,2,9,10,5,14691196.8,91.82
8283,Industrial,39,2276,1,1.2,4,17,7,3,42784104.0,280.38
1339,Residential,14,1189,1,1.24,2,19,12,5,7077771.2,79.27
11771,Residential,28,1799,1,1.28,1,21,17,9,28246604.8,316.38
5764,Residential,27,1324,1,1.1,1,17,6,10,13440284.0,188.5
13128,Industrial,33,2655,2,1.18,5,12,15,7,62394211.0,439.3
5635,Industrial,75,2306,1,1.24,4,8,18,2,34733640.0,163.88
4575,Commercial,117,1458,1,1.07,1,18,4,3,20495935.6,60.0
6842,Residential,93,1690,2,1.02,4,18,5,9,19765662.0,234.15
7902,Commercial,22,2281,2,1.27,4,13,17,0,31953784.2,254.45
8112,Industrial,111,1251,3,1.11,5,14,17,3,41467191.3,228.5
6120,Commercial,92,2337,2,1.1,4,11,5,10,27995132.0,221.9
14016,Industrial,86,1682,2,0.97,2,8,18,9,54121693.2,349.6
6932,Industrial,93,1112,2,0.94,4,15,14,9,29576611.2,222.9
8691,Commercial,99,1639,2,1.24,5,24,2,8,39798209.2,300.08
11500,Commercial,21,1174,2,1.15,5,2,13,7,37708063.0,411.2
3579,Residential,34,1250,1,1.03,5,18,5,10,11580805.0,229.78
1724,Residential,112,1394,1,0.98,1,5,12,3,8398443.2,60.0
11948,Commercial,47,2033,1,1.12,2,22,6,6,40584913.6,332.1
2381,Residential,65,1299,3,1.13,1,6,3,9,9158141.5,73.03
8514,Industrial,35,1263,2,0.98,3,21,18,2,34618647.0,242.85
4124,Industrial,33,912,2,1.24,2,24,9,8,23977731.2,153.2
13477,Commercial,70,1835,2,0.93,4,8,7,9,38079780.0,415.42
6513,Residential,73,2724,2,1.04,5,11,10,3,20732462.4,229.42
7826,Residential,32,939,1,1.17,3,18,14,1,19001314.8,229.05
1055,Residential,10,2224,1,1.01,2,8,12,9,4393197.0,95.38
5604,Commercial,79,1316,3,1.23,1,2,17,4,23036571.6,96.4
2638,Commercial,51,2747,2,1.2,5,8,17,1,17637492.0,129.65
10936,Industrial,104,2965,2,1.22,1,12,3,9,60788696.0,255.7
809,Residential,49,1687,3,0.95,2,10,11,5,6263720.5,60.0
3671,Industrial,106,2141,1,0.96,2,13,13,10,21366604.8,87.48
9789,Industrial,13,849,3,1.01,3,4,9,9,37766536.1,340.83
8209,Residential,46,818,2,1.11,4,5,12,0,18361997.4,250.42
8218,Industrial,59,1525,2,1.2,1,5,11,5,39674700.0,191.75
13964,Residential,30,2273,2,1.23,3,14,14,3,32584791.0,394.1
5924,Residential,96,1251,1,1.18,5,24,18,2,20872878.4,179.3
1815,Commercial,57,1964,1,1.27,4,20,8,1,15488843.8,92.78
10816,Residential,50,1907,2,1.2,3,11,4,6,26741400.0,329.4
13461,Commercial,26,1014,3,1.02,1,6,14,8,37172288.4,359.72
12128,Commercial,76,2349,2,1.01,2,8,8,2,38456477.2,290.4
2993,Commercial,58,927,1,1.18,5,17,10,5,16042666.4,163.42
9215,Residential,18,2645,2,0.98,1,2,14,8,16219784.0,259.98
14350,Commercial,19,1559,1,0.94,4,13,9,1,37941812.2,435.05
14890,Commercial,81,2615,1,1.11,4,3,19,6,51259189.5,408.95
13940,Commercial,15,1160,2,1.23,2,8,3,4,46459560.0,402.0
8249,Residential,31,1368,2,0.94,2,12,19,4,15458995.6,222.92
4958,Residential,99,2215,1,1.22,5,14,19,10,22222971.0,191.25
14328,Commercial,48,2397,1,1.22,5,3,12,6,51693449.6,456.8
4725,Residential,43,2492,3,1.09,2,8,2,8,14172376.2,170.72
7770,Commercial,108,1001,1,0.92,2,16,15,3,23522780.8,150.35
7738,Commercial,92,2864,2,0.97,4,12,17,8,30118150.8,234.35
5584,Commercial,79,1317,2,1.18,2,3,12,10,22397922.2,158.4
14572,Commercial,62,2148,1,1.18,3,8,2,9,50769830.4,431.7
4800,Industrial,16,2235,1,1.26,1,5,8,8,24157728.0,160.2
2433,Industrial,54,2141,2,1.13,2,12,17,3,16705829.6,60.0
11144,Industrial,22,1480,2,0.95,5,3,15,2,41211760.0,373.5
8066,Industrial,55,2788,2,0.95,3,17,16,1,34799640.0,213.65
9502,Residential,117,2291,2,1.19,5,8,15,8,31171347.9,286.45
1184,Residential,111,1224,3,0.97,3,14,12,1,9362362.4,60.0
1204,Commercial,89,2768,2,1.03,2,6,17,5,12978576.8,60.0
8975,Residential,49,2512,2,1.09,1,18,18,4,21860102.6,203.18
13605,Residential,67,1577,2,0.91,5,22,7,4,26278315.7,421.02
13563,Residential,91,2945,2,1.0,3,13,12,3,31784350.0,338.28
2800,Commercial,77,2626,2,1.06,4,20,18,5,18726023.6,106.4
11748,Commercial,19,1007,2,1.01,2,8,10,4,32667429.9,333.5
10660,Commercial,9,2337,2,0.95,1,7,19,10,27626940.5,305.8
6789,Commercial,14,2459,1,1.19,2,9,18,3,24044283.2,196.52
2260,Industrial,87,821,2,1.23,4,14,13,8,17284956.3,107.4
7990,Residential,10,953,1,1.0,1,6,6,5,13670900.0,232.75
7940,Industrial,116,2762,1,1.21,4,3,12,10,48402129.6,237.7
4436,Residential,10,1018,1,1.05,2,10,5,9,9722370.0,190.4
11716,Industrial,34,1468,2,1.1,3,12,5,9,50383696.0,378.2
5609,Commercial,114,2318,2,1.24,2,7,4,9,30070074.4,138.02
4978,Residential,47,2867,1,1.2,2,8,18,2,16331364.0,119.85
14256,Residential,109,1749,2,1.22,2,8,8,9,35993940.6,352.2
8045,Residential,40,2995,2,0.95,5,20,5,5,19723425.0,311.62
7400,Residential,99,1202,1,0.93,4,7,14,0,16433044.2,184.8
6797,Residential,8,1395,2,1.26,4,12,13,4,18056178.0,264.03
2848,Commercial,15,2237,2,1.06,4,12,2,9,12642249.0,201.2
13138,Commercial,108,1957,2,1.02,5,8,19,5,43947393.6,363.55
5580,Commercial,39,2542,2,1.19,3,3,12,10,22995726.6,215.3
1516,Industrial,55,2106,2,1.23,2,20,4,7,15228507.0,72.9
8739,Commercial,114,872,1,1.24,3,5,18,10,33640877.6,225.28
6365,Commercial,108,1280,1,1.03,5,7,13,8,24266491.0,218.22
5344,Residential,11,1359,1,1.24,4,18,11,10,15579942.8,258.3
5776,Commercial,101,1544,3,0.92,2,6,9,2,19888854.4,110.1
13575,Residential,77,2266,1,0.92,1,8,16,1,25021203.2,283.77
10815,Industrial,117,899,1,1.15,1,10,6,3,49229188.5,207.77
11073,Industrial,26,1882,3,0.93,3,2,5,7,39825817.8,358.52
4219,Commercial,39,1212,3,1.03,4,2,5,10,15517506.2,216.77
8039,Residential,16,1888,2,1.17,1,20,16,7,18795745.8,224.18
10566,Industrial,19,1977,1,1.03,3,7,18,2,41826126.7,306.95
1049,Commercial,18,2808,1,0.97,5,19,13,3,8573655.4,132.32
9665,Residential,53,1620,2,1.01,3,11,4,2,20476033.0,278.23
13525,Residential,23,1461,1,1.08,3,12,11,9,26239237.2,423.22
11157,Commercial,8,1359,1,1.09,3,2,16,1,32938339.4,328.52
1570,Residential,70,2071,2,1.21,2,2,11,3,10289961.0,60.0
12954,Industrial,116,2613,3,1.2,3,14,19,5,69878688.0,302.55
5163,Residential,28,1409,2,1.08,3,6,2,10,12558304.8,228.68
10976,Residential,37,824,2,1.24,2,21,4,10,26137513.6,338.8
1877,Industrial,20,2828,2,0.95,2,2,13,4,9562985.0,81.42
9227,Residential,41,1083,1,1.0,5,21,2,2,20072590.0,329.88
9380,Commercial,11,2272,2,1.23,4,4,4,1,33455704.8,324.7
12029,Residential,35,1100,1,1.05,1,19,4,8,22993425.0,331.72
8701,Residential,109,1891,1,1.29,1,10,6,0,27135240.3,146.32
5658,Commercial,102,1830,2,1.09,3,15,2,8,25445832.0,171.85
10840,Commercial,66,1616,1,1.22,5,18,5,0,42577609.6,335.7
7344,Commercial,34,882,3,1.06,3,24,5,6,25503218.4,253.9
5519,Commercial,76,2720,1,1.07,1,15,18,5,23860037.0,100.17
3614,Commercial,32,2893,2,1.05,2,5,15,6,14607894.0,122.25
4174,Residential,10,1417,2,1.19,4,6,19,2,11764459.0,177.85
